{
	"format_version": "1.8.0",
	"animations": {
		"animation.totem.first": {
			"loop": true,
			"animation_length": 2,
			"bones": {
				"main": {
					"rotation": [0, -62.5, 0],
					"position": [-8, 19, 9],
					"scale": 0.75
				},
				"kanjut": {
					"rotation": {
						"0.0": [0, 0, 0],
						"0.6667": [-5, 0, 0],
						"1.2083": [2.5, 0, 0],
						"2.0": [0, 0, 0]
					}
				},
				"kehed": {
					"rotation": {
						"0.0": [0, 0, 0],
						"0.5": [-30.65592, -23.84964, 7.27244],
						"0.9167": [1.84408, -23.84964, 7.27244],
						"1.2917": [-25.65592, -23.84964, 7.27244],
						"2.0": [0, 0, 0]
					}
				},
				"left": {
					"rotation": {
						"0.0": {
							"post": [-20, 0, 0],
							"lerp_mode": "catmullrom"
						},
						"0.5": {
							"post": [20, 0, 0],
							"lerp_mode": "catmullrom"
						},
						"1.0": {
							"post": [-20, 0, 0],
							"lerp_mode": "catmullrom"
						},
						"1.5": {
							"post": [20, 0, 0],
							"lerp_mode": "catmullrom"
						},
						"2.0": {
							"post": [-20, 0, 0],
							"lerp_mode": "catmullrom"
						}
					}
				},
				"right": {
					"rotation": {
						"0.0": {
							"post": [20, 0, 0],
							"lerp_mode": "catmullrom"
						},
						"0.5": {
							"post": [-15, 0, 0],
							"lerp_mode": "catmullrom"
						},
						"1.0": {
							"post": [20, 0, 0],
							"lerp_mode": "catmullrom"
						},
						"1.5": {
							"post": [-15, 0, 0],
							"lerp_mode": "catmullrom"
						},
						"2.0": {
							"post": [20, 0, 0],
							"lerp_mode": "catmullrom"
						}
					}
				},
				"arm2": {
					"rotation": {
						"0.0": [-52.70684, -13.93291, 5.30623],
						"0.5": [-89.69887, -32.302, 14.17952],
						"1.5833": [-89.69887, -32.302, 14.17952],
						"2.0": [-52.70684, -13.93291, 5.30623]
					}
				},
				"arm1": {
					"rotation": {
						"0.0": [-48.49987, 12.56162, -12.53166],
						"0.5": [-82.75613, 11.29941, -9.84225],
						"1.5833": [-82.75613, 11.29941, -9.84225],
						"2.0": [-48.49987, 12.56162, -12.53166]
					}
				}
			}
		},
		"animation.totem.third": {
			"loop": true,
			"animation_length": 14.25,
			"bones": {
				"main": {
					"rotation": {
						"0.0": [0, 0, 0],
						"0.2917": [0, 0, 0],
						"0.375": [0, -5, 0],
						"0.4583": [0, 0, 0],
						"0.9583": [0, 0, 0],
						"1.0833": [-1, 0, 0],
						"8.8333": [0, 0, 0]
					},
					"position": {
						"0.0": [6, 23, 0],
						"1.0": [6, 23, 0],
						"1.0833": [6, 23.7, 0],
						"1.5": [6, 21.3, 0],
						"1.5417": [6, 21.4, 0],
						"1.5833": [6, 21.3, 0],
						"8.6667": [6, 21.3, 0],
						"8.8333": [6, 23, 0]
					}
				},
				"kehed": {
					"rotation": {
						"0.0": [0, 0, 0],
						"0.2917": [0, -42.5, 0],
						"0.5417": [0, -42.5, 0],
						"0.75": [0, 22.5, 0],
						"0.8333": [0, 12, 0],
						"1.0": [0, 22.5, 0],
						"1.0417": [-7.5, 22.5, 0],
						"1.0833": [0, 22.5, 0],
						"1.25": [0, 0, 0],
						"1.5417": [-17.84527, -14.76689, 2.66399],
						"1.8333": [-17.84527, -14.76689, 2.66399],
						"2.0": [17.15473, -14.76689, 2.66399],
						"2.0833": [0.79781, -36.55838, -5.58507],
						"2.4583": [0.79781, -36.55838, -5.58507],
						"2.6667": [-13.35858, 2.43881, -5.08254],
						"2.9167": [-13.35858, 2.43881, -5.08254],
						"3.3333": [-12.74911, 4.70297, 4.6774],
						"4.1667": [-12.74911, 4.70297, 4.6774],
						"6.2917": [-12.74911, 4.70297, 4.6774],
						"6.5": [-13.35858, 2.43881, -5.08254],
						"6.9583": [11.25611, 2.43881, -5.08254],
						"9.1667": [0, 0, 0],
						"12.125": [0, 0, 0],
						"12.2917": [-17.5, 0, 0],
						"13.0833": [22.5, 0, 0],
						"13.2083": [0, 0, 0]
					}
				},
				"kanjut": {
					"rotation": {
						"0.0": [0, 0, 0],
						"0.3333": [-7.5, 0, 0],
						"0.4167": {
							"pre": [-7.10689, -9.9247, 1.23103],
							"post": [-7.10689, -9.9247, 1.23103],
							"lerp_mode": "catmullrom"
						},
						"0.5833": {
							"post": [-7.10689, -9.9247, 1.23103],
							"lerp_mode": "catmullrom"
						},
						"0.6667": [-7.5, 0, 0],
						"0.75": [0, 0, 0],
						"1.0": [0, 0, 0],
						"1.0417": [-2.5, 0, 0],
						"1.125": {
							"pre": [-2.5, 0, 0],
							"post": [-5, 0, 0]
						},
						"1.2917": {
							"pre": [-5, 0, 0],
							"post": [0, 0, 0]
						},
						"1.5": {
							"pre": [0, 0, 0],
							"post": [11, 0, 0]
						},
						"1.5417": [10, 0, 0],
						"1.5833": [9, 0, 0],
						"1.6667": [15, 0, 0],
						"1.75": {
							"pre": [9, 0, 0],
							"post": [9, 0, 0],
							"lerp_mode": "catmullrom"
						},
						"1.9583": {
							"post": [9, 0, 0],
							"lerp_mode": "catmullrom"
						},
						"2.0417": [9.03381, -4.93829, -0.78411],
						"6.0833": [9.03381, -4.93829, -0.78411],
						"6.375": [-30.96619, -4.93829, -0.78411],
						"6.9583": [-30.96619, -4.93829, -0.78411],
						"8.0": [-30.96619, -4.93829, -0.78411],
						"8.4583": [-5.96619, -4.93829, -0.78411],
						"8.7083": [16.53381, -4.93829, -0.78411],
						"8.875": [6.53381, -4.93829, -0.78411],
						"9.0833": [0, 0, 0],
						"11.5": {
							"pre": [0, 0, 0],
							"post": [0, 0, 0],
							"lerp_mode": "catmullrom"
						},
						"11.5417": {
							"post": [6, 0, 0],
							"lerp_mode": "catmullrom"
						},
						"11.6667": {
							"post": [0, 0, 0],
							"lerp_mode": "catmullrom"
						},
						"12.2917": {
							"post": [-17.5, 0, 0],
							"lerp_mode": "catmullrom"
						},
						"12.7917": {
							"post": [-17.5, 0, 0],
							"lerp_mode": "catmullrom"
						},
						"12.9167": {
							"post": [7, 0, 0],
							"lerp_mode": "catmullrom"
						},
						"13.125": [0, 0, 0]
					},
					"position": {
						"0.0": [0, 0, 0],
						"1.0": [0, 0, 0],
						"1.0417": [0, 0.19999, -0.00233],
						"1.5417": [0, 0.20003, 0.00349],
						"2.7083": {
							"pre": [0, 0.20003, 0.00349],
							"post": [0, 0.20003, 0.00349],
							"lerp_mode": "catmullrom"
						},
						"3.1667": {
							"post": [0, 0.29998, -0.00175],
							"lerp_mode": "catmullrom"
						},
						"3.5833": {
							"post": [0, 0.20003, 0.00349],
							"lerp_mode": "catmullrom"
						},
						"4.2083": {
							"post": [0, 0.10002, 0.00175],
							"lerp_mode": "catmullrom"
						},
						"4.75": {
							"post": [0, 0.29998, -0.00175],
							"lerp_mode": "catmullrom"
						},
						"5.1667": [0, 0.20003, 0.00349],
						"6.5": [0, 0.20003, 0.00349],
						"6.6667": [0, 0.1, -0.00175],
						"6.8333": [0, 0.20003, 0.00349],
						"8.5417": [0, 0.20003, 0.00349],
						"8.7917": [0, 1.19985, -0.01745],
						"8.875": [0, 1.2, -0.02],
						"8.9583": [0, 0.90005, -0.01476],
						"9.0417": [0, 0, 0],
						"9.3333": [0, 0.09998, -0.00175],
						"10.0": [0, 0.00002, 0],
						"10.6667": [0, 0.09998, -0.00175],
						"11.3333": [0, 0.00002, 0],
						"12.25": [0, 0.00002, 0],
						"12.5": [0, 0.09998, -0.00175]
					}
				},
				"extra": {
					"rotation": [0, 0, 0]
				},
				"arm1": {
					"rotation": {
						"0.0": [0, 8.6474, 0],
						"0.2917": [0, 8.6474, 0],
						"0.4167": {
							"pre": [20.98632, 4.81197, -11.74837],
							"post": [20.98632, 4.81197, -11.74837],
							"lerp_mode": "catmullrom"
						},
						"0.5833": {
							"post": [20.98632, 4.81197, -11.74837],
							"lerp_mode": "catmullrom"
						},
						"0.6667": [0, 8.6474, 0],
						"0.75": [-3.5, 8.6474, 0],
						"0.8333": [0, 8.6474, 0],
						"0.9583": [0, 8.6474, 0],
						"1.0": [-3.33082, 7.98468, -22.73253],
						"1.2083": [4.41132, 9.42362, -20.19498],
						"1.5417": [-28.83844, 8.64738, 15.27269],
						"2.3333": [-28.83844, 8.64738, 15.27269],
						"4.0833": [-28.55655, 9.60783, 17.0495],
						"4.4583": [-28.55655, 9.60783, 17.0495],
						"5.5833": [-28.40399, 10.08469, 17.94162],
						"6.125": [-28.40399, 10.08469, 17.94162],
						"6.25": [33.27435, -5.39302, -12.89008],
						"7.0": [33.27435, -5.39302, -12.89008],
						"8.125": [33.27435, -5.39302, -12.89008],
						"8.5833": [-39.44981, 20.45526, -32.94491],
						"9.0417": [0, 0, 0],
						"9.3333": [0, 0, -5],
						"10.0": [0, 0, 0],